brand,price,start_time,start_day,end_day,end_time,trip_time,take_place,destination,trip_to,id
Vietnam Airlines,1556975,20:05,20-05-2024,20-05-2024,21:20,1h 15m,"TP HCM (SGN)
Sân bay Tân Sơn Nhất
Nhà ga 1","Nha Trang (CXR)
Sân bay Cam Ranh",Nha Trang,1
Vietnam Airlines,1556975,20:05,20-05-2024,20-05-2024,21:20,1h 15m,"TP HCM (SGN)
Sân bay Tân Sơn Nhất
Nhà ga 1","Nha Trang (CXR)
Sân bay Cam Ranh",Nha Trang,2
Vietnam Airlines,1556975,20:05,20-05-2024,20-05-2024,21:20,1h 15m,"TP HCM (SGN)
Sân bay Tân Sơn Nhất
Nhà ga 1","Nha Trang (CXR)
Sân bay Cam Ranh",Nha Trang,3
VietJet Air,673794,19:45,21-05-2024,21-05-2024,20:45,1h 0m,"TP HCM (SGN)
Sân bay Tân Sơn Nhất
Nhà ga 1","Nha Trang (CXR)
Sân bay Cam Ranh",Nha Trang,4
VietJet Air,887634,17:30,21-05-2024,21-05-2024,18:30,1h 0m,"TP HCM (SGN)
Sân bay Tân Sơn Nhất
Nhà ga 1","Nha Trang (CXR)
Sân bay Cam Ranh",Nha Trang,5
Bamboo Airways,929675,09:35,21-05-2024,21-05-2024,10:45,1h 10m,"TP HCM (SGN)
Sân bay Tân Sơn Nhất","Nha Trang (CXR)
Sân bay Cam Ranh",Nha Trang,6
VietJet Air,971014,14:25,21-05-2024,21-05-2024,15:25,1h 0m,"TP HCM (SGN)
Sân bay Tân Sơn Nhất
Nhà ga 1","Nha Trang (CXR)
Sân bay Cam Ranh",Nha Trang,7
Vietnam Airlines,1125450,11:45,21-05-2024,21-05-2024,13:00,1h 15m,"TP HCM (SGN)
Sân bay Tân Sơn Nhất
Nhà ga 1","Nha Trang (CXR)
Sân bay Cam Ranh",Nha Trang,8
Vietnam Airlines,1125450,20:05,21-05-2024,21-05-2024,21:20,1h 15m,"TP HCM (SGN)
Sân bay Tân Sơn Nhất
Nhà ga 1","Nha Trang (CXR)
Sân bay Cam Ranh",Nha Trang,9
Vietnam Airlines,1457550,12:15,21-05-2024,21-05-2024,13:30,1h 15m,"TP HCM (SGN)
Sân bay Tân Sơn Nhất
Nhà ga 1","Nha Trang (CXR)
Sân bay Cam Ranh",Nha Trang,10
Vietnam Airlines,1457550,14:10,21-05-2024,21-05-2024,15:25,1h 15m,"TP HCM (SGN)
Sân bay Tân Sơn Nhất
Nhà ga 1","Nha Trang (CXR)
Sân bay Cam Ranh",Nha Trang,11
Vietnam Airlines,1457550,06:40,21-05-2024,21-05-2024,08:00,1h 20m,"TP HCM (SGN)
Sân bay Tân Sơn Nhất
Nhà ga 1","Nha Trang (CXR)
Sân bay Cam Ranh",Nha Trang,12
Vietnam Airlines,15765389,23:00,21-05-2024,22-05-2024,01:20,2h 20m,"TP HCM (SGN)
Sân bay Tân Sơn Nhất
Nhà ga 1","Hà Nội (HAN)
Sân bay Nội Bài",Nha Trang,13
Vietnam Airlines,15765389,22:00,21-05-2024,22-05-2024,00:10,2h 10m,"TP HCM (SGN)
Sân bay Tân Sơn Nhất
Nhà ga 1","Hà Nội (HAN)
Sân bay Nội Bài",Nha Trang,14
Vietnam Airlines,15765389,23:00,21-05-2024,22-05-2024,01:20,2h 20m,"TP HCM (SGN)
Sân bay Tân Sơn Nhất
Nhà ga 1","Hà Nội (HAN)
Sân bay Nội Bài",Nha Trang,15
Vietnam Airlines,15765389,22:00,21-05-2024,22-05-2024,00:10,2h 10m,"TP HCM (SGN)
Sân bay Tân Sơn Nhất
Nhà ga 1","Hà Nội (HAN)
Sân bay Nội Bài",Nha Trang,16
Vietnam Airlines,16629592,21:00,21-05-2024,21-05-2024,23:15,2h 15m,"TP HCM (SGN)
Sân bay Tân Sơn Nhất
Nhà ga 1","Hà Nội (HAN)
Sân bay Nội Bài",Nha Trang,17
Vietnam Airlines,16629592,21:00,21-05-2024,21-05-2024,23:15,2h 15m,"TP HCM (SGN)
Sân bay Tân Sơn Nhất
Nhà ga 1","Hà Nội (HAN)
Sân bay Nội Bài",Nha Trang,18
Vietnam Airlines,18589896,19:10,21-05-2024,21-05-2024,20:40,1h 30m,"TP HCM (SGN)
Sân bay Tân Sơn Nhất
Nhà ga 1","Huế (HUI)
Sân bay quốc tế Phú Bài",Nha Trang,19
VietJet Air,588258,19:20,22-05-2024,22-05-2024,20:20,1h 0m,"TP HCM (SGN)
Sân bay Tân Sơn Nhất
Nhà ga 1","Nha Trang (CXR)
Sân bay Cam Ranh",Nha Trang,20
VietJet Air,588258,20:00,22-05-2024,22-05-2024,21:00,1h 0m,"TP HCM (SGN)
Sân bay Tân Sơn Nhất
Nhà ga 1","Nha Trang (CXR)
Sân bay Cam Ranh",Nha Trang,21
Bamboo Airways,818975,09:35,22-05-2024,22-05-2024,10:45,1h 10m,"TP HCM (SGN)
Sân bay Tân Sơn Nhất","Nha Trang (CXR)
Sân bay Cam Ranh",Nha Trang,22
VietJet Air,905566,17:00,22-05-2024,22-05-2024,18:00,1h 0m,"TP HCM (SGN)
Sân bay Tân Sơn Nhất
Nhà ga 1","Nha Trang (CXR)
Sân bay Cam Ranh",Nha Trang,23
VietJet Air,971014,14:25,22-05-2024,22-05-2024,15:25,1h 0m,"TP HCM (SGN)
Sân bay Tân Sơn Nhất
Nhà ga 1","Nha Trang (CXR)
Sân bay Cam Ranh",Nha Trang,24
Vietnam Airlines,1125450,13:35,22-05-2024,22-05-2024,14:50,1h 15m,"TP HCM (SGN)
Sân bay Tân Sơn Nhất
Nhà ga 1","Nha Trang (CXR)
Sân bay Cam Ranh",Nha Trang,25
Vietnam Airlines,1236150,14:10,22-05-2024,22-05-2024,15:25,1h 15m,"TP HCM (SGN)
Sân bay Tân Sơn Nhất
Nhà ga 1","Nha Trang (CXR)
Sân bay Cam Ranh",Nha Trang,26
Vietnam Airlines,1236150,20:05,22-05-2024,22-05-2024,21:20,1h 15m,"TP HCM (SGN)
Sân bay Tân Sơn Nhất
Nhà ga 1","Nha Trang (CXR)
Sân bay Cam Ranh",Nha Trang,27
Vietnam Airlines,1346850,12:15,22-05-2024,22-05-2024,13:30,1h 15m,"TP HCM (SGN)
Sân bay Tân Sơn Nhất
Nhà ga 1","Nha Trang (CXR)
Sân bay Cam Ranh",Nha Trang,28
Vietnam Airlines,1346850,06:40,22-05-2024,22-05-2024,08:00,1h 20m,"TP HCM (SGN)
Sân bay Tân Sơn Nhất
Nhà ga 1","Nha Trang (CXR)
Sân bay Cam Ranh",Nha Trang,29
Vietnam Airlines,12252490,23:00,22-05-2024,23-05-2024,01:20,2h 20m,"TP HCM (SGN)
Sân bay Tân Sơn Nhất
Nhà ga 1","Hà Nội (HAN)
Sân bay Nội Bài",Nha Trang,30
Vietnam Airlines,12252490,22:00,22-05-2024,23-05-2024,00:10,2h 10m,"TP HCM (SGN)
Sân bay Tân Sơn Nhất
Nhà ga 1","Hà Nội (HAN)
Sân bay Nội Bài",Nha Trang,31
Vietnam Airlines,12252490,21:00,22-05-2024,22-05-2024,23:15,2h 15m,"TP HCM (SGN)
Sân bay Tân Sơn Nhất
Nhà ga 1","Hà Nội (HAN)
Sân bay Nội Bài",Nha Trang,32
Vietnam Airlines,13109652,20:00,22-05-2024,22-05-2024,22:15,2h 15m,"TP HCM (SGN)
Sân bay Tân Sơn Nhất
Nhà ga 1","Hà Nội (HAN)
Sân bay Nội Bài",Nha Trang,33
Vietnam Airlines,13709090,23:00,22-05-2024,23-05-2024,01:20,2h 20m,"TP HCM (SGN)
Sân bay Tân Sơn Nhất
Nhà ga 1","Hà Nội (HAN)
Sân bay Nội Bài",Nha Trang,34
Vietnam Airlines,13709090,22:00,22-05-2024,23-05-2024,00:10,2h 10m,"TP HCM (SGN)
Sân bay Tân Sơn Nhất
Nhà ga 1","Hà Nội (HAN)
Sân bay Nội Bài",Nha Trang,35
Vietnam Airlines,13709090,21:00,22-05-2024,22-05-2024,23:15,2h 15m,"TP HCM (SGN)
Sân bay Tân Sơn Nhất
Nhà ga 1","Hà Nội (HAN)
Sân bay Nội Bài",Nha Trang,36
Vietnam Airlines,14573555,20:00,22-05-2024,22-05-2024,22:15,2h 15m,"TP HCM (SGN)
Sân bay Tân Sơn Nhất
Nhà ga 1","Hà Nội (HAN)
Sân bay Nội Bài",Nha Trang,37
Vietnam Airlines,14573555,19:30,22-05-2024,22-05-2024,21:40,2h 10m,"TP HCM (SGN)
Sân bay Tân Sơn Nhất
Nhà ga 1","Hà Nội (HAN)
Sân bay Nội Bài",Nha Trang,38
Vietnam Airlines,14573555,17:30,22-05-2024,22-05-2024,19:35,2h 5m,"TP HCM (SGN)
Sân bay Tân Sơn Nhất
Nhà ga 1","Hà Nội (HAN)
Sân bay Nội Bài",Nha Trang,39
Vietnam Airlines,14573555,17:00,22-05-2024,22-05-2024,19:15,2h 15m,"TP HCM (SGN)
Sân bay Tân Sơn Nhất
Nhà ga 1","Hà Nội (HAN)
Sân bay Nội Bài",Nha Trang,40
Vietnam Airlines,14573555,16:40,22-05-2024,22-05-2024,19:10,2h 30m,"TP HCM (SGN)
Sân bay Tân Sơn Nhất
Nhà ga 1","Hà Nội (HAN)
Sân bay Nội Bài",Nha Trang,41
Vietnam Airlines,14573555,14:50,22-05-2024,22-05-2024,17:35,2h 45m,"TP HCM (SGN)
Sân bay Tân Sơn Nhất
Nhà ga 1","Hà Nội (HAN)
Sân bay Nội Bài",Nha Trang,42
Vietnam Airlines,16629592,05:00,22-05-2024,22-05-2024,07:15,2h 15m,"TP HCM (SGN)
Sân bay Tân Sơn Nhất
Nhà ga 1","Hà Nội (HAN)
Sân bay Nội Bài",Nha Trang,43
VietJet Air,951786,06:40,23-05-2024,23-05-2024,07:50,1h 10m,"TP HCM (SGN)
Sân bay Tân Sơn Nhất
Nhà ga 1","Nha Trang (CXR)
Sân bay Cam Ranh",Nha Trang,44
VietJet Air,1037322,14:25,23-05-2024,23-05-2024,15:25,1h 0m,"TP HCM (SGN)
Sân bay Tân Sơn Nhất
Nhà ga 1","Nha Trang (CXR)
Sân bay Cam Ranh",Nha Trang,45
VietJet Air,1058278,14:00,23-05-2024,23-05-2024,15:00,1h 0m,"TP HCM (SGN)
Sân bay Tân Sơn Nhất
Nhà ga 1","Nha Trang (CXR)
Sân bay Cam Ranh",Nha Trang,46
Bamboo Airways,1129550,09:35,23-05-2024,23-05-2024,10:45,1h 10m,"TP HCM (SGN)
Sân bay Tân Sơn Nhất","Nha Trang (CXR)
Sân bay Cam Ranh",Nha Trang,47
Vietnam Airlines,1236150,14:50,23-05-2024,23-05-2024,16:05,1h 15m,"TP HCM (SGN)
Sân bay Tân Sơn Nhất
Nhà ga 1","Nha Trang (CXR)
Sân bay Cam Ranh",Nha Trang,48
Vietnam Airlines,1236150,06:40,23-05-2024,23-05-2024,08:00,1h 20m,"TP HCM (SGN)
Sân bay Tân Sơn Nhất
Nhà ga 1","Nha Trang (CXR)
Sân bay Cam Ranh",Nha Trang,49
Vietnam Airlines,1346850,14:10,23-05-2024,23-05-2024,15:25,1h 15m,"TP HCM (SGN)
Sân bay Tân Sơn Nhất
Nhà ga 1","Nha Trang (CXR)
Sân bay Cam Ranh",Nha Trang,50
Vietnam Airlines,1346850,20:05,23-05-2024,23-05-2024,21:20,1h 15m,"TP HCM (SGN)
Sân bay Tân Sơn Nhất
Nhà ga 1","Nha Trang (CXR)
Sân bay Cam Ranh",Nha Trang,51
Vietnam Airlines,13035048,06:00,23-05-2024,23-05-2024,08:15,2h 15m,"TP HCM (SGN)
Sân bay Tân Sơn Nhất
Nhà ga 1","Hà Nội (HAN)
Sân bay Nội Bài",Nha Trang,52
Vietnam Airlines,13035048,05:00,23-05-2024,23-05-2024,07:15,2h 15m,"TP HCM (SGN)
Sân bay Tân Sơn Nhất
Nhà ga 1","Hà Nội (HAN)
Sân bay Nội Bài",Nha Trang,53
Vietnam Airlines,13634748,23:00,23-05-2024,24-05-2024,01:20,2h 20m,"TP HCM (SGN)
Sân bay Tân Sơn Nhất
Nhà ga 1","Hà Nội (HAN)
Sân bay Nội Bài",Nha Trang,54
Vietnam Airlines,13634748,22:00,23-05-2024,24-05-2024,00:10,2h 10m,"TP HCM (SGN)
Sân bay Tân Sơn Nhất
Nhà ga 1","Hà Nội (HAN)
Sân bay Nội Bài",Nha Trang,55
Vietnam Airlines,13634748,20:00,23-05-2024,23-05-2024,22:15,2h 15m,"TP HCM (SGN)
Sân bay Tân Sơn Nhất
Nhà ga 1","Hà Nội (HAN)
Sân bay Nội Bài",Nha Trang,56
Vietnam Airlines,19677650,07:20,23-05-2024,23-05-2024,09:00,1h 40m,"TP HCM (SGN)
Sân bay Tân Sơn Nhất
Nhà ga 1","Đồng Hới (VDH)
Sân bay Đồng Hới",Nha Trang,57
Vietnam Airlines,1346850,22:00,24-05-2024,24-05-2024,23:15,1h 15m,"TP HCM (SGN)
Sân bay Tân Sơn Nhất
Nhà ga 1","Nha Trang (CXR)
Sân bay Cam Ranh",Nha Trang,58
Bamboo Airways,1572350,09:35,24-05-2024,24-05-2024,10:45,1h 10m,"TP HCM (SGN)
Sân bay Tân Sơn Nhất","Nha Trang (CXR)
Sân bay Cam Ranh",Nha Trang,59
Vietnam Airlines,1656400,20:05,24-05-2024,24-05-2024,21:20,1h 15m,"TP HCM (SGN)
Sân bay Tân Sơn Nhất
Nhà ga 1","Nha Trang (CXR)
Sân bay Cam Ranh",Nha Trang,60
VietJet Air,1678842,14:25,24-05-2024,24-05-2024,15:25,1h 0m,"TP HCM (SGN)
Sân bay Tân Sơn Nhất
Nhà ga 1","Nha Trang (CXR)
Sân bay Cam Ranh",Nha Trang,61
Vietnam Airlines,1744550,15:45,24-05-2024,24-05-2024,17:00,1h 15m,"TP HCM (SGN)
Sân bay Tân Sơn Nhất
Nhà ga 1","Nha Trang (CXR)
Sân bay Cam Ranh",Nha Trang,62
Vietnam Airlines,1744550,06:40,24-05-2024,24-05-2024,08:00,1h 20m,"TP HCM (SGN)
Sân bay Tân Sơn Nhất
Nhà ga 1","Nha Trang (CXR)
Sân bay Cam Ranh",Nha Trang,63
Vietnam Airlines,1833725,18:30,24-05-2024,24-05-2024,19:45,1h 15m,"TP HCM (SGN)
Sân bay Tân Sơn Nhất
Nhà ga 1","Nha Trang (CXR)
Sân bay Cam Ranh",Nha Trang,64
Vietnam Airlines,1889075,14:10,24-05-2024,24-05-2024,15:25,1h 15m,"TP HCM (SGN)
Sân bay Tân Sơn Nhất
Nhà ga 1","Nha Trang (CXR)
Sân bay Cam Ranh",Nha Trang,65
Vietnam Airlines,1952625,12:45,24-05-2024,24-05-2024,13:50,1h 5m,"TP HCM (SGN)
Sân bay Tân Sơn Nhất
Nhà ga 1","Nha Trang (CXR)
Sân bay Cam Ranh",Nha Trang,66
VietJet Air,2955030,05:30,24-05-2024,24-05-2024,07:30,2h 0m,"TP HCM (SGN)
Sân bay Tân Sơn Nhất
Nhà ga 1","Hải Phòng (HPH)
Sân bay quốc tế Cát Bi",Nha Trang,67
VietJet Air,2955030,20:20,24-05-2024,24-05-2024,22:20,2h 0m,"TP HCM (SGN)
Sân bay Tân Sơn Nhất
Nhà ga 1","Hải Phòng (HPH)
Sân bay quốc tế Cát Bi",Nha Trang,68
VietJet Air,2955030,16:35,24-05-2024,24-05-2024,18:35,2h 0m,"TP HCM (SGN)
Sân bay Tân Sơn Nhất
Nhà ga 1","Hải Phòng (HPH)
Sân bay quốc tế Cát Bi",Nha Trang,69
VietJet Air,3065730,14:10,24-05-2024,24-05-2024,16:10,2h 0m,"TP HCM (SGN)
Sân bay Tân Sơn Nhất
Nhà ga 1","Hải Phòng (HPH)
Sân bay quốc tế Cát Bi",Nha Trang,70
Vietnam Airlines,12178148,22:00,24-05-2024,25-05-2024,00:10,2h 10m,"TP HCM (SGN)
Sân bay Tân Sơn Nhất
Nhà ga 1","Hà Nội (HAN)
Sân bay Nội Bài",Nha Trang,71
Vietnam Airlines,12178148,21:00,24-05-2024,24-05-2024,23:15,2h 15m,"TP HCM (SGN)
Sân bay Tân Sơn Nhất
Nhà ga 1","Hà Nội (HAN)
Sân bay Nội Bài",Nha Trang,72
Vietnam Airlines,12178148,20:45,24-05-2024,24-05-2024,22:50,2h 5m,"TP HCM (SGN)
Sân bay Tân Sơn Nhất
Nhà ga 1","Hà Nội (HAN)
Sân bay Nội Bài",Nha Trang,73
Vietnam Airlines,13035048,20:00,24-05-2024,24-05-2024,22:15,2h 15m,"TP HCM (SGN)
Sân bay Tân Sơn Nhất
Nhà ga 1","Hà Nội (HAN)
Sân bay Nội Bài",Nha Trang,74
Vietnam Airlines,13035048,19:30,24-05-2024,24-05-2024,21:40,2h 10m,"TP HCM (SGN)
Sân bay Tân Sơn Nhất
Nhà ga 1","Hà Nội (HAN)
Sân bay Nội Bài",Nha Trang,75
Vietnam Airlines,13035048,19:00,24-05-2024,24-05-2024,21:15,2h 15m,"TP HCM (SGN)
Sân bay Tân Sơn Nhất
Nhà ga 1","Hà Nội (HAN)
Sân bay Nội Bài",Nha Trang,76
Vietnam Airlines,13035048,17:30,24-05-2024,24-05-2024,19:35,2h 5m,"TP HCM (SGN)
Sân bay Tân Sơn Nhất
Nhà ga 1","Hà Nội (HAN)
Sân bay Nội Bài",Nha Trang,77
Vietnam Airlines,13035048,17:00,24-05-2024,24-05-2024,19:15,2h 15m,"TP HCM (SGN)
Sân bay Tân Sơn Nhất
Nhà ga 1","Hà Nội (HAN)
Sân bay Nội Bài",Nha Trang,78
Vietnam Airlines,13035048,16:40,24-05-2024,24-05-2024,19:10,2h 30m,"TP HCM (SGN)
Sân bay Tân Sơn Nhất
Nhà ga 1","Hà Nội (HAN)
Sân bay Nội Bài",Nha Trang,79
Bamboo Airways,1007575,22:25,20-05-2024,20-05-2024,23:50,1h 25m,"TP HCM (SGN)
Sân bay Tân Sơn Nhất","Đà Nẵng (DAD)
Sân bay Đà Nẵng",Nha Trang,80
Bamboo Airways,1306875,18:10,20-05-2024,20-05-2024,19:35,1h 25m,"TP HCM (SGN)
Sân bay Tân Sơn Nhất","Đà Nẵng (DAD)
Sân bay Đà Nẵng",Nha Trang,81
Vietnam Airlines,1388520,21:05,20-05-2024,20-05-2024,22:30,1h 25m,"TP HCM (SGN)
Sân bay Tân Sơn Nhất
Nhà ga 1","Đà Nẵng (DAD)
Sân bay Đà Nẵng",Nha Trang,82
Vietnam Airlines,1388520,21:15,20-05-2024,20-05-2024,22:40,1h 25m,"TP HCM (SGN)
Sân bay Tân Sơn Nhất
Nhà ga 1","Đà Nẵng (DAD)
Sân bay Đà Nẵng",Nha Trang,83
Vietravel Airlines,1394244,21:10,20-05-2024,20-05-2024,22:15,1h 5m,"TP HCM (SGN)
Sân bay Tân Sơn Nhất","Đà Nẵng (DAD)
Sân bay Đà Nẵng",Nha Trang,84
Vietnam Airlines,1523150,20:10,20-05-2024,20-05-2024,21:35,1h 25m,"TP HCM (SGN)
Sân bay Tân Sơn Nhất
Nhà ga 1","Đà Nẵng (DAD)
Sân bay Đà Nẵng",Nha Trang,85
Vietnam Airlines,1921875,16:00,20-05-2024,20-05-2024,17:25,1h 25m,"TP HCM (SGN)
Sân bay Tân Sơn Nhất
Nhà ga 1","Đà Nẵng (DAD)
Sân bay Đà Nẵng",Nha Trang,86
VietJet Air,2489820,19:35,20-05-2024,20-05-2024,20:55,1h 20m,"TP HCM (SGN)
Sân bay Tân Sơn Nhất
Nhà ga 1","Đà Nẵng (DAD)
Sân bay Đà Nẵng",Nha Trang,87
VietJet Air,2489820,19:45,20-05-2024,20-05-2024,21:05,1h 20m,"TP HCM (SGN)
Sân bay Tân Sơn Nhất
Nhà ga 1","Đà Nẵng (DAD)
Sân bay Đà Nẵng",Nha Trang,88
Vietravel Airlines,925200,20:50,21-05-2024,21-05-2024,22:15,1h 25m,"TP HCM (SGN)
Sân bay Tân Sơn Nhất","Đà Nẵng (DAD)
Sân bay Đà Nẵng",Nha Trang,89
Vietravel Airlines,1023372,08:10,21-05-2024,21-05-2024,09:30,1h 20m,"TP HCM (SGN)
Sân bay Tân Sơn Nhất","Đà Nẵng (DAD)
Sân bay Đà Nẵng",Nha Trang,90
VietJet Air,1024692,20:30,21-05-2024,21-05-2024,21:50,1h 20m,"TP HCM (SGN)
Sân bay Tân Sơn Nhất
Nhà ga 1","Đà Nẵng (DAD)
Sân bay Đà Nẵng",Nha Trang,91
VietJet Air,1024692,20:35,21-05-2024,21-05-2024,21:55,1h 20m,"TP HCM (SGN)
Sân bay Tân Sơn Nhất
Nhà ga 1","Đà Nẵng (DAD)
Sân bay Đà Nẵng",Nha Trang,92
VietJet Air,1123726,19:15,21-05-2024,21-05-2024,20:35,1h 20m,"TP HCM (SGN)
Sân bay Tân Sơn Nhất
Nhà ga 1","Đà Nẵng (DAD)
Sân bay Đà Nẵng",Nha Trang,93
VietJet Air,1254622,05:35,21-05-2024,21-05-2024,06:55,1h 20m,"TP HCM (SGN)
Sân bay Tân Sơn Nhất
Nhà ga 1","Đà Nẵng (DAD)
Sân bay Đà Nẵng",Nha Trang,94
VietJet Air,1254622,15:40,21-05-2024,21-05-2024,17:00,1h 20m,"TP HCM (SGN)
Sân bay Tân Sơn Nhất
Nhà ga 1","Đà Nẵng (DAD)
Sân bay Đà Nẵng",Nha Trang,95
VietJet Air,1254622,16:15,21-05-2024,21-05-2024,17:35,1h 20m,"TP HCM (SGN)
Sân bay Tân Sơn Nhất
Nhà ga 1","Đà Nẵng (DAD)
Sân bay Đà Nẵng",Nha Trang,96
Bamboo Airways,1306875,09:40,21-05-2024,21-05-2024,11:05,1h 25m,"TP HCM (SGN)
Sân bay Tân Sơn Nhất","Đà Nẵng (DAD)
Sân bay Đà Nẵng",Nha Trang,97
Bamboo Airways,1306875,14:00,21-05-2024,21-05-2024,15:25,1h 25m,"TP HCM (SGN)
Sân bay Tân Sơn Nhất","Đà Nẵng (DAD)
Sân bay Đà Nẵng",Nha Trang,98
Vietnam Airlines,1388520,20:10,21-05-2024,21-05-2024,21:35,1h 25m,"TP HCM (SGN)
Sân bay Tân Sơn Nhất
Nhà ga 1","Đà Nẵng (DAD)
Sân bay Đà Nẵng",Nha Trang,99
Vietnam Airlines,1388520,21:00,21-05-2024,21-05-2024,22:30,1h 30m,"TP HCM (SGN)
Sân bay Tân Sơn Nhất
Nhà ga 1","Đà Nẵng (DAD)
Sân bay Đà Nẵng",Nha Trang,100
VietJet Air,1396426,07:05,21-05-2024,21-05-2024,08:25,1h 20m,"TP HCM (SGN)
Sân bay Tân Sơn Nhất
Nhà ga 1","Đà Nẵng (DAD)
Sân bay Đà Nẵng",Nha Trang,101
Vietnam Airlines,1523150,18:20,21-05-2024,21-05-2024,19:30,1h 10m,"TP HCM (SGN)
Sân bay Tân Sơn Nhất
Nhà ga 1","Đà Nẵng (DAD)
Sân bay Đà Nẵng",Nha Trang,102
Vietnam Airlines,1523150,15:20,21-05-2024,21-05-2024,16:45,1h 25m,"TP HCM (SGN)
Sân bay Tân Sơn Nhất
Nhà ga 1","Đà Nẵng (DAD)
Sân bay Đà Nẵng",Nha Trang,103
Vietnam Airlines,1523150,16:00,21-05-2024,21-05-2024,17:35,1h 35m,"TP HCM (SGN)
Sân bay Tân Sơn Nhất
Nhà ga 1","Đà Nẵng (DAD)
Sân bay Đà Nẵng",Nha Trang,104
Vietnam Airlines,1656400,07:00,21-05-2024,21-05-2024,08:20,1h 20m,"TP HCM (SGN)
Sân bay Tân Sơn Nhất
Nhà ga 1","Đà Nẵng (DAD)
Sân bay Đà Nẵng",Nha Trang,105
Vietnam Airlines,1789650,13:05,21-05-2024,21-05-2024,14:30,1h 25m,"TP HCM (SGN)
Sân bay Tân Sơn Nhất
Nhà ga 1","Đà Nẵng (DAD)
Sân bay Đà Nẵng",Nha Trang,106
Vietnam Airlines,1789650,08:00,21-05-2024,21-05-2024,09:30,1h 30m,"TP HCM (SGN)
Sân bay Tân Sơn Nhất
Nhà ga 1","Đà Nẵng (DAD)
Sân bay Đà Nẵng",Nha Trang,107
Vietnam Airlines,1789650,10:30,21-05-2024,21-05-2024,12:00,1h 30m,"TP HCM (SGN)
Sân bay Tân Sơn Nhất
Nhà ga 1","Đà Nẵng (DAD)
Sân bay Đà Nẵng",Nha Trang,108
Vietnam Airlines,1789650,11:45,21-05-2024,21-05-2024,13:15,1h 30m,"TP HCM (SGN)
Sân bay Tân Sơn Nhất
Nhà ga 1","Đà Nẵng (DAD)
Sân bay Đà Nẵng",Nha Trang,109
VietJet Air,1810930,13:40,21-05-2024,21-05-2024,15:00,1h 20m,"TP HCM (SGN)
Sân bay Tân Sơn Nhất
Nhà ga 1","Đà Nẵng (DAD)
Sân bay Đà Nẵng",Nha Trang,110
Vietnam Airlines,1921875,06:00,21-05-2024,21-05-2024,07:30,1h 30m,"TP HCM (SGN)
Sân bay Tân Sơn Nhất
Nhà ga 1","Đà Nẵng (DAD)
Sân bay Đà Nẵng",Nha Trang,111
Vietnam Airlines,1921875,08:55,21-05-2024,21-05-2024,10:30,1h 35m,"TP HCM (SGN)
Sân bay Tân Sơn Nhất
Nhà ga 1","Đà Nẵng (DAD)
Sân bay Đà Nẵng",Nha Trang,112
VietJet Air,2465410,19:45,21-05-2024,21-05-2024,21:05,1h 20m,"TP HCM (SGN)
Sân bay Tân Sơn Nhất
Nhà ga 1","Đà Nẵng (DAD)
Sân bay Đà Nẵng",Nha Trang,113
Bamboo Airways,1007575,21:10,22-05-2024,22-05-2024,22:35,1h 25m,"TP HCM (SGN)
Sân bay Tân Sơn Nhất","Đà Nẵng (DAD)
Sân bay Đà Nẵng",Nha Trang,114
Vietravel Airlines,1023372,08:10,22-05-2024,22-05-2024,09:30,1h 20m,"TP HCM (SGN)
Sân bay Tân Sơn Nhất","Đà Nẵng (DAD)
Sân bay Đà Nẵng",Nha Trang,115
Vietravel Airlines,1023372,20:50,22-05-2024,22-05-2024,22:15,1h 25m,"TP HCM (SGN)
Sân bay Tân Sơn Nhất","Đà Nẵng (DAD)
Sân bay Đà Nẵng",Nha Trang,116
VietJet Air,1024692,20:35,22-05-2024,22-05-2024,21:55,1h 20m,"TP HCM (SGN)
Sân bay Tân Sơn Nhất
Nhà ga 1","Đà Nẵng (DAD)
Sân bay Đà Nẵng",Nha Trang,117
VietJet Air,1123726,05:35,22-05-2024,22-05-2024,06:55,1h 20m,"TP HCM (SGN)
Sân bay Tân Sơn Nhất
Nhà ga 1","Đà Nẵng (DAD)
Sân bay Đà Nẵng",Nha Trang,118
VietJet Air,1134852,20:30,22-05-2024,22-05-2024,21:50,1h 20m,"TP HCM (SGN)
Sân bay Tân Sơn Nhất
Nhà ga 1","Đà Nẵng (DAD)
Sân bay Đà Nẵng",Nha Trang,119
Bamboo Airways,1196175,14:00,22-05-2024,22-05-2024,15:25,1h 25m,"TP HCM (SGN)
Sân bay Tân Sơn Nhất","Đà Nẵng (DAD)
Sân bay Đà Nẵng",Nha Trang,120
VietJet Air,1254622,13:40,22-05-2024,22-05-2024,15:00,1h 20m,"TP HCM (SGN)
Sân bay Tân Sơn Nhất
Nhà ga 1","Đà Nẵng (DAD)
Sân bay Đà Nẵng",Nha Trang,121
VietJet Air,1254622,15:40,22-05-2024,22-05-2024,17:00,1h 20m,"TP HCM (SGN)
Sân bay Tân Sơn Nhất
Nhà ga 1","Đà Nẵng (DAD)
Sân bay Đà Nẵng",Nha Trang,122
VietJet Air,1254622,16:15,22-05-2024,22-05-2024,17:35,1h 20m,"TP HCM (SGN)
Sân bay Tân Sơn Nhất
Nhà ga 1","Đà Nẵng (DAD)
Sân bay Đà Nẵng",Nha Trang,123
VietJet Air,1254622,19:45,22-05-2024,22-05-2024,21:05,1h 20m,"TP HCM (SGN)
Sân bay Tân Sơn Nhất
Nhà ga 1","Đà Nẵng (DAD)
Sân bay Đà Nẵng",Nha Trang,124
Bamboo Airways,1306875,09:40,22-05-2024,22-05-2024,11:05,1h 25m,"TP HCM (SGN)
Sân bay Tân Sơn Nhất","Đà Nẵng (DAD)
Sân bay Đà Nẵng",Nha Trang,125
Vietnam Airlines,1388520,20:10,22-05-2024,22-05-2024,21:35,1h 25m,"TP HCM (SGN)
Sân bay Tân Sơn Nhất
Nhà ga 1","Đà Nẵng (DAD)
Sân bay Đà Nẵng",Nha Trang,126
VietJet Air,1396426,07:05,22-05-2024,22-05-2024,08:25,1h 20m,"TP HCM (SGN)
Sân bay Tân Sơn Nhất
Nhà ga 1","Đà Nẵng (DAD)
Sân bay Đà Nẵng",Nha Trang,127
VietJet Air,1396426,11:30,22-05-2024,22-05-2024,12:50,1h 20m,"TP HCM (SGN)
Sân bay Tân Sơn Nhất
Nhà ga 1","Đà Nẵng (DAD)
Sân bay Đà Nẵng",Nha Trang,128
VietJet Air,1396426,11:40,22-05-2024,22-05-2024,13:00,1h 20m,"TP HCM (SGN)
Sân bay Tân Sơn Nhất
Nhà ga 1","Đà Nẵng (DAD)
Sân bay Đà Nẵng",Nha Trang,129
Vietnam Airlines,1508290,21:00,22-05-2024,22-05-2024,22:30,1h 30m,"TP HCM (SGN)
Sân bay Tân Sơn Nhất
Nhà ga 1","Đà Nẵng (DAD)
Sân bay Đà Nẵng",Nha Trang,130
Vietnam Airlines,1656400,07:10,22-05-2024,22-05-2024,08:20,1h 10m,"TP HCM (SGN)
Sân bay Tân Sơn Nhất
Nhà ga 1","Đà Nẵng (DAD)
Sân bay Đà Nẵng",Nha Trang,131
Vietnam Airlines,1656400,18:20,22-05-2024,22-05-2024,19:30,1h 10m,"TP HCM (SGN)
Sân bay Tân Sơn Nhất
Nhà ga 1","Đà Nẵng (DAD)
Sân bay Đà Nẵng",Nha Trang,132
Vietnam Airlines,1656400,15:20,22-05-2024,22-05-2024,16:45,1h 25m,"TP HCM (SGN)
Sân bay Tân Sơn Nhất
Nhà ga 1","Đà Nẵng (DAD)
Sân bay Đà Nẵng",Nha Trang,133
Vietnam Airlines,1656400,06:00,22-05-2024,22-05-2024,07:30,1h 30m,"TP HCM (SGN)
Sân bay Tân Sơn Nhất
Nhà ga 1","Đà Nẵng (DAD)
Sân bay Đà Nẵng",Nha Trang,134
Vietnam Airlines,1656400,16:00,22-05-2024,22-05-2024,17:35,1h 35m,"TP HCM (SGN)
Sân bay Tân Sơn Nhất
Nhà ga 1","Đà Nẵng (DAD)
Sân bay Đà Nẵng",Nha Trang,135
Vietnam Airlines,1789650,13:05,22-05-2024,22-05-2024,14:30,1h 25m,"TP HCM (SGN)
Sân bay Tân Sơn Nhất
Nhà ga 1","Đà Nẵng (DAD)
Sân bay Đà Nẵng",Nha Trang,136
Vietnam Airlines,1789650,11:45,22-05-2024,22-05-2024,13:15,1h 30m,"TP HCM (SGN)
Sân bay Tân Sơn Nhất
Nhà ga 1","Đà Nẵng (DAD)
Sân bay Đà Nẵng",Nha Trang,137
Vietnam Airlines,1921875,10:30,22-05-2024,22-05-2024,12:00,1h 30m,"TP HCM (SGN)
Sân bay Tân Sơn Nhất
Nhà ga 1","Đà Nẵng (DAD)
Sân bay Đà Nẵng",Nha Trang,138
Vietnam Airlines,2076650,08:55,22-05-2024,22-05-2024,10:30,1h 35m,"TP HCM (SGN)
Sân bay Tân Sơn Nhất
Nhà ga 1","Đà Nẵng (DAD)
Sân bay Đà Nẵng",Nha Trang,139
Vietnam Airlines,2509200,08:00,22-05-2024,22-05-2024,09:30,1h 30m,"TP HCM (SGN)
Sân bay Tân Sơn Nhất
Nhà ga 1","Đà Nẵng (DAD)
Sân bay Đà Nẵng",Nha Trang,140
VietJet Air,1123726,20:10,23-05-2024,23-05-2024,21:30,1h 20m,"TP HCM (SGN)
Sân bay Tân Sơn Nhất
Nhà ga 1","Đà Nẵng (DAD)
Sân bay Đà Nẵng",Nha Trang,141
VietJet Air,1134852,20:30,23-05-2024,23-05-2024,21:50,1h 20m,"TP HCM (SGN)
Sân bay Tân Sơn Nhất
Nhà ga 1","Đà Nẵng (DAD)
Sân bay Đà Nẵng",Nha Trang,142
VietJet Air,1134852,20:35,23-05-2024,23-05-2024,21:55,1h 20m,"TP HCM (SGN)
Sân bay Tân Sơn Nhất
Nhà ga 1","Đà Nẵng (DAD)
Sân bay Đà Nẵng",Nha Trang,143
Vietravel Airlines,1252440,08:10,23-05-2024,23-05-2024,09:30,1h 20m,"TP HCM (SGN)
Sân bay Tân Sơn Nhất","Đà Nẵng (DAD)
Sân bay Đà Nẵng",Nha Trang,144
Vietravel Airlines,1252440,20:50,23-05-2024,23-05-2024,22:15,1h 25m,"TP HCM (SGN)
Sân bay Tân Sơn Nhất","Đà Nẵng (DAD)
Sân bay Đà Nẵng",Nha Trang,145
VietJet Air,1254622,19:45,23-05-2024,23-05-2024,21:05,1h 20m,"TP HCM (SGN)
Sân bay Tân Sơn Nhất
Nhà ga 1","Đà Nẵng (DAD)
Sân bay Đà Nẵng",Nha Trang,146
Bamboo Airways,1306875,21:10,23-05-2024,23-05-2024,22:35,1h 25m,"TP HCM (SGN)
Sân bay Tân Sơn Nhất","Đà Nẵng (DAD)
Sân bay Đà Nẵng",Nha Trang,147
VietJet Air,1396426,05:35,23-05-2024,23-05-2024,06:55,1h 20m,"TP HCM (SGN)
Sân bay Tân Sơn Nhất
Nhà ga 1","Đà Nẵng (DAD)
Sân bay Đà Nẵng",Nha Trang,148
VietJet Air,1396426,07:05,23-05-2024,23-05-2024,08:25,1h 20m,"TP HCM (SGN)
Sân bay Tân Sơn Nhất
Nhà ga 1","Đà Nẵng (DAD)
Sân bay Đà Nẵng",Nha Trang,149
VietJet Air,1396426,11:30,23-05-2024,23-05-2024,12:50,1h 20m,"TP HCM (SGN)
Sân bay Tân Sơn Nhất
Nhà ga 1","Đà Nẵng (DAD)
Sân bay Đà Nẵng",Nha Trang,150
VietJet Air,1396426,11:40,23-05-2024,23-05-2024,13:00,1h 20m,"TP HCM (SGN)
Sân bay Tân Sơn Nhất
Nhà ga 1","Đà Nẵng (DAD)
Sân bay Đà Nẵng",Nha Trang,151
VietJet Air,1396426,16:15,23-05-2024,23-05-2024,17:35,1h 20m,"TP HCM (SGN)
Sân bay Tân Sơn Nhất
Nhà ga 1","Đà Nẵng (DAD)
Sân bay Đà Nẵng",Nha Trang,152
Bamboo Airways,1450375,09:40,23-05-2024,23-05-2024,11:05,1h 25m,"TP HCM (SGN)
Sân bay Tân Sơn Nhất","Đà Nẵng (DAD)
Sân bay Đà Nẵng",Nha Trang,153
Bamboo Airways,1450375,14:00,23-05-2024,23-05-2024,15:25,1h 25m,"TP HCM (SGN)
Sân bay Tân Sơn Nhất","Đà Nẵng (DAD)
Sân bay Đà Nẵng",Nha Trang,154
Vietnam Airlines,1640240,21:00,23-05-2024,23-05-2024,22:30,1h 30m,"TP HCM (SGN)
Sân bay Tân Sơn Nhất
Nhà ga 1","Đà Nẵng (DAD)
Sân bay Đà Nẵng",Nha Trang,155
Vietnam Airlines,1640240,21:15,23-05-2024,23-05-2024,22:45,1h 30m,"TP HCM (SGN)
Sân bay Tân Sơn Nhất
Nhà ga 1","Đà Nẵng (DAD)
Sân bay Đà Nẵng",Nha Trang,156
VietJet Air,1680034,15:40,23-05-2024,23-05-2024,17:00,1h 20m,"TP HCM (SGN)
Sân bay Tân Sơn Nhất
Nhà ga 1","Đà Nẵng (DAD)
Sân bay Đà Nẵng",Nha Trang,157
Vietnam Airlines,1789650,06:00,23-05-2024,23-05-2024,07:30,1h 30m,"TP HCM (SGN)
Sân bay Tân Sơn Nhất
Nhà ga 1","Đà Nẵng (DAD)
Sân bay Đà Nẵng",Nha Trang,158
Vietnam Airlines,1921875,07:10,23-05-2024,23-05-2024,08:20,1h 10m,"TP HCM (SGN)
Sân bay Tân Sơn Nhất
Nhà ga 1","Đà Nẵng (DAD)
Sân bay Đà Nẵng",Nha Trang,159
Vietnam Airlines,1921875,20:10,23-05-2024,23-05-2024,21:35,1h 25m,"TP HCM (SGN)
Sân bay Tân Sơn Nhất
Nhà ga 1","Đà Nẵng (DAD)
Sân bay Đà Nẵng",Nha Trang,160
Vietnam Airlines,2076650,18:20,23-05-2024,23-05-2024,19:30,1h 10m,"TP HCM (SGN)
Sân bay Tân Sơn Nhất
Nhà ga 1","Đà Nẵng (DAD)
Sân bay Đà Nẵng",Nha Trang,161
Vietnam Airlines,2076650,16:00,23-05-2024,23-05-2024,17:35,1h 35m,"TP HCM (SGN)
Sân bay Tân Sơn Nhất
Nhà ga 1","Đà Nẵng (DAD)
Sân bay Đà Nẵng",Nha Trang,162
Vietnam Airlines,2232450,13:05,23-05-2024,23-05-2024,14:30,1h 25m,"TP HCM (SGN)
Sân bay Tân Sơn Nhất
Nhà ga 1","Đà Nẵng (DAD)
Sân bay Đà Nẵng",Nha Trang,163
Vietnam Airlines,2232450,15:20,23-05-2024,23-05-2024,16:45,1h 25m,"TP HCM (SGN)
Sân bay Tân Sơn Nhất
Nhà ga 1","Đà Nẵng (DAD)
Sân bay Đà Nẵng",Nha Trang,164
Vietnam Airlines,2375950,08:00,23-05-2024,23-05-2024,09:30,1h 30m,"TP HCM (SGN)
Sân bay Tân Sơn Nhất
Nhà ga 1","Đà Nẵng (DAD)
Sân bay Đà Nẵng",Nha Trang,165
Vietnam Airlines,2375950,11:45,23-05-2024,23-05-2024,13:15,1h 30m,"TP HCM (SGN)
Sân bay Tân Sơn Nhất
Nhà ga 1","Đà Nẵng (DAD)
Sân bay Đà Nẵng",Nha Trang,166
Vietnam Airlines,2509200,08:55,23-05-2024,23-05-2024,10:30,1h 35m,"TP HCM (SGN)
Sân bay Tân Sơn Nhất
Nhà ga 1","Đà Nẵng (DAD)
Sân bay Đà Nẵng",Nha Trang,167
Vietnam Airlines,2561475,10:30,23-05-2024,23-05-2024,12:00,1h 30m,"TP HCM (SGN)
Sân bay Tân Sơn Nhất
Nhà ga 1","Đà Nẵng (DAD)
Sân bay Đà Nẵng",Nha Trang,168
Vietnam Airlines,1556975,20:05,20-05-2024,20-05-2024,21:20,1h 15m,"TP HCM (SGN)
Sân bay Tân Sơn Nhất
Nhà ga 1","Nha Trang (CXR)
Sân bay Cam Ranh",Nha Trang,169
VietJet Air,673794,19:45,21-05-2024,21-05-2024,20:45,1h 0m,"TP HCM (SGN)
Sân bay Tân Sơn Nhất
Nhà ga 1","Nha Trang (CXR)
Sân bay Cam Ranh",Nha Trang,170
VietJet Air,887634,17:30,21-05-2024,21-05-2024,18:30,1h 0m,"TP HCM (SGN)
Sân bay Tân Sơn Nhất
Nhà ga 1","Nha Trang (CXR)
Sân bay Cam Ranh",Nha Trang,171
Bamboo Airways,929675,09:35,21-05-2024,21-05-2024,10:45,1h 10m,"TP HCM (SGN)
Sân bay Tân Sơn Nhất","Nha Trang (CXR)
Sân bay Cam Ranh",Nha Trang,172
VietJet Air,971014,14:25,21-05-2024,21-05-2024,15:25,1h 0m,"TP HCM (SGN)
Sân bay Tân Sơn Nhất
Nhà ga 1","Nha Trang (CXR)
Sân bay Cam Ranh",Nha Trang,173
Vietnam Airlines,1125450,11:45,21-05-2024,21-05-2024,13:00,1h 15m,"TP HCM (SGN)
Sân bay Tân Sơn Nhất
Nhà ga 1","Nha Trang (CXR)
Sân bay Cam Ranh",Nha Trang,174
Vietnam Airlines,1125450,20:05,21-05-2024,21-05-2024,21:20,1h 15m,"TP HCM (SGN)
Sân bay Tân Sơn Nhất
Nhà ga 1","Nha Trang (CXR)
Sân bay Cam Ranh",Nha Trang,175
Vietnam Airlines,1457550,12:15,21-05-2024,21-05-2024,13:30,1h 15m,"TP HCM (SGN)
Sân bay Tân Sơn Nhất
Nhà ga 1","Nha Trang (CXR)
Sân bay Cam Ranh",Nha Trang,176
Vietnam Airlines,1457550,14:10,21-05-2024,21-05-2024,15:25,1h 15m,"TP HCM (SGN)
Sân bay Tân Sơn Nhất
Nhà ga 1","Nha Trang (CXR)
Sân bay Cam Ranh",Nha Trang,177
Vietnam Airlines,1457550,06:40,21-05-2024,21-05-2024,08:00,1h 20m,"TP HCM (SGN)
Sân bay Tân Sơn Nhất
Nhà ga 1","Nha Trang (CXR)
Sân bay Cam Ranh",Nha Trang,178
Vietnam Airlines,15765389,23:00,21-05-2024,22-05-2024,01:20,2h 20m,"TP HCM (SGN)
Sân bay Tân Sơn Nhất
Nhà ga 1","Hà Nội (HAN)
Sân bay Nội Bài",Nha Trang,179
Vietnam Airlines,15765389,22:00,21-05-2024,22-05-2024,00:10,2h 10m,"TP HCM (SGN)
Sân bay Tân Sơn Nhất
Nhà ga 1","Hà Nội (HAN)
Sân bay Nội Bài",Nha Trang,180
Vietnam Airlines,15765389,23:00,21-05-2024,22-05-2024,01:20,2h 20m,"TP HCM (SGN)
Sân bay Tân Sơn Nhất
Nhà ga 1","Hà Nội (HAN)
Sân bay Nội Bài",Nha Trang,181
Vietnam Airlines,15765389,22:00,21-05-2024,22-05-2024,00:10,2h 10m,"TP HCM (SGN)
Sân bay Tân Sơn Nhất
Nhà ga 1","Hà Nội (HAN)
Sân bay Nội Bài",Nha Trang,182
Vietnam Airlines,16629592,21:00,21-05-2024,21-05-2024,23:15,2h 15m,"TP HCM (SGN)
Sân bay Tân Sơn Nhất
Nhà ga 1","Hà Nội (HAN)
Sân bay Nội Bài",Nha Trang,183
Vietnam Airlines,16629592,21:00,21-05-2024,21-05-2024,23:15,2h 15m,"TP HCM (SGN)
Sân bay Tân Sơn Nhất
Nhà ga 1","Hà Nội (HAN)
Sân bay Nội Bài",Nha Trang,184
Vietnam Airlines,18589896,19:10,21-05-2024,21-05-2024,20:40,1h 30m,"TP HCM (SGN)
Sân bay Tân Sơn Nhất
Nhà ga 1","Huế (HUI)
Sân bay quốc tế Phú Bài",Nha Trang,185
VietJet Air,588258,19:20,22-05-2024,22-05-2024,20:20,1h 0m,"TP HCM (SGN)
Sân bay Tân Sơn Nhất
Nhà ga 1","Nha Trang (CXR)
Sân bay Cam Ranh",Nha Trang,186
VietJet Air,588258,20:00,22-05-2024,22-05-2024,21:00,1h 0m,"TP HCM (SGN)
Sân bay Tân Sơn Nhất
Nhà ga 1","Nha Trang (CXR)
Sân bay Cam Ranh",Nha Trang,187
Bamboo Airways,818975,09:35,22-05-2024,22-05-2024,10:45,1h 10m,"TP HCM (SGN)
Sân bay Tân Sơn Nhất","Nha Trang (CXR)
Sân bay Cam Ranh",Nha Trang,188
VietJet Air,905566,17:00,22-05-2024,22-05-2024,18:00,1h 0m,"TP HCM (SGN)
Sân bay Tân Sơn Nhất
Nhà ga 1","Nha Trang (CXR)
Sân bay Cam Ranh",Nha Trang,189
VietJet Air,971014,14:25,22-05-2024,22-05-2024,15:25,1h 0m,"TP HCM (SGN)
Sân bay Tân Sơn Nhất
Nhà ga 1","Nha Trang (CXR)
Sân bay Cam Ranh",Nha Trang,190
Vietnam Airlines,1125450,13:35,22-05-2024,22-05-2024,14:50,1h 15m,"TP HCM (SGN)
Sân bay Tân Sơn Nhất
Nhà ga 1","Nha Trang (CXR)
Sân bay Cam Ranh",Nha Trang,191
Vietnam Airlines,1236150,14:10,22-05-2024,22-05-2024,15:25,1h 15m,"TP HCM (SGN)
Sân bay Tân Sơn Nhất
Nhà ga 1","Nha Trang (CXR)
Sân bay Cam Ranh",Nha Trang,192
Vietnam Airlines,1236150,20:05,22-05-2024,22-05-2024,21:20,1h 15m,"TP HCM (SGN)
Sân bay Tân Sơn Nhất
Nhà ga 1","Nha Trang (CXR)
Sân bay Cam Ranh",Nha Trang,193
Vietnam Airlines,1346850,12:15,22-05-2024,22-05-2024,13:30,1h 15m,"TP HCM (SGN)
Sân bay Tân Sơn Nhất
Nhà ga 1","Nha Trang (CXR)
Sân bay Cam Ranh",Nha Trang,194
Vietnam Airlines,1346850,06:40,22-05-2024,22-05-2024,08:00,1h 20m,"TP HCM (SGN)
Sân bay Tân Sơn Nhất
Nhà ga 1","Nha Trang (CXR)
Sân bay Cam Ranh",Nha Trang,195
Vietnam Airlines,13109652,20:00,22-05-2024,22-05-2024,22:15,2h 15m,"TP HCM (SGN)
Sân bay Tân Sơn Nhất
Nhà ga 1","Hà Nội (HAN)
Sân bay Nội Bài",Nha Trang,196
Vietnam Airlines,13709090,23:00,22-05-2024,23-05-2024,01:20,2h 20m,"TP HCM (SGN)
Sân bay Tân Sơn Nhất
Nhà ga 1","Hà Nội (HAN)
Sân bay Nội Bài",Nha Trang,197
Vietnam Airlines,13709090,22:00,22-05-2024,23-05-2024,00:10,2h 10m,"TP HCM (SGN)
Sân bay Tân Sơn Nhất
Nhà ga 1","Hà Nội (HAN)
Sân bay Nội Bài",Nha Trang,198
Vietnam Airlines,13709090,21:00,22-05-2024,22-05-2024,23:15,2h 15m,"TP HCM (SGN)
Sân bay Tân Sơn Nhất
Nhà ga 1","Hà Nội (HAN)
Sân bay Nội Bài",Nha Trang,199
Vietnam Airlines,13709090,23:00,22-05-2024,23-05-2024,01:20,2h 20m,"TP HCM (SGN)
Sân bay Tân Sơn Nhất
Nhà ga 1","Hà Nội (HAN)
Sân bay Nội Bài",Nha Trang,200
Vietnam Airlines,13709090,22:00,22-05-2024,23-05-2024,00:10,2h 10m,"TP HCM (SGN)
Sân bay Tân Sơn Nhất
Nhà ga 1","Hà Nội (HAN)
Sân bay Nội Bài",Nha Trang,201
Vietnam Airlines,13709090,21:00,22-05-2024,22-05-2024,23:15,2h 15m,"TP HCM (SGN)
Sân bay Tân Sơn Nhất
Nhà ga 1","Hà Nội (HAN)
Sân bay Nội Bài",Nha Trang,202
Vietnam Airlines,14569642,20:00,22-05-2024,22-05-2024,22:15,2h 15m,"TP HCM (SGN)
Sân bay Tân Sơn Nhất
Nhà ga 1","Hà Nội (HAN)
Sân bay Nội Bài",Nha Trang,203
Vietnam Airlines,15165689,19:00,22-05-2024,22-05-2024,21:15,2h 15m,"TP HCM (SGN)
Sân bay Tân Sơn Nhất
Nhà ga 1","Hà Nội (HAN)
Sân bay Nội Bài",Nha Trang,204
Vietnam Airlines,15467235,16:00,22-05-2024,22-05-2024,18:15,2h 15m,"TP HCM (SGN)
Sân bay Tân Sơn Nhất
Nhà ga 1","Hà Nội (HAN)
Sân bay Nội Bài",Nha Trang,205
Vietnam Airlines,15467235,17:00,22-05-2024,22-05-2024,19:15,2h 15m,"TP HCM (SGN)
Sân bay Tân Sơn Nhất
Nhà ga 1","Hà Nội (HAN)
Sân bay Nội Bài",Nha Trang,206
Vietnam Airlines,15467235,16:00,22-05-2024,22-05-2024,18:15,2h 15m,"TP HCM (SGN)
Sân bay Tân Sơn Nhất
Nhà ga 1","Hà Nội (HAN)
Sân bay Nội Bài",Nha Trang,207
Vietnam Airlines,15467235,12:00,22-05-2024,22-05-2024,14:15,2h 15m,"TP HCM (SGN)
Sân bay Tân Sơn Nhất
Nhà ga 1","Hà Nội (HAN)
Sân bay Nội Bài",Nha Trang,208
Vietnam Airlines,15467235,11:00,22-05-2024,22-05-2024,13:15,2h 15m,"TP HCM (SGN)
Sân bay Tân Sơn Nhất
Nhà ga 1","Hà Nội (HAN)
Sân bay Nội Bài",Nha Trang,209
Vietnam Airlines,16629592,19:00,22-05-2024,22-05-2024,21:15,2h 15m,"TP HCM (SGN)
Sân bay Tân Sơn Nhất
Nhà ga 1","Hà Nội (HAN)
Sân bay Nội Bài",Nha Trang,210
Vietnam Airlines,16629592,18:00,22-05-2024,22-05-2024,20:15,2h 15m,"TP HCM (SGN)
Sân bay Tân Sơn Nhất
Nhà ga 1","Hà Nội (HAN)
Sân bay Nội Bài",Nha Trang,211
Vietnam Airlines,16629592,17:00,22-05-2024,22-05-2024,19:15,2h 15m,"TP HCM (SGN)
Sân bay Tân Sơn Nhất
Nhà ga 1","Hà Nội (HAN)
Sân bay Nội Bài",Nha Trang,212
Vietnam Airlines,16629592,18:00,22-05-2024,22-05-2024,20:15,2h 15m,"TP HCM (SGN)
Sân bay Tân Sơn Nhất
Nhà ga 1","Hà Nội (HAN)
Sân bay Nội Bài",Nha Trang,213
Vietnam Airlines,16629592,13:00,22-05-2024,22-05-2024,15:15,2h 15m,"TP HCM (SGN)
Sân bay Tân Sơn Nhất
Nhà ga 1","Hà Nội (HAN)
Sân bay Nội Bài",Nha Trang,214
Vietnam Airlines,16629592,15:00,22-05-2024,22-05-2024,17:15,2h 15m,"TP HCM (SGN)
Sân bay Tân Sơn Nhất
Nhà ga 1","Hà Nội (HAN)
Sân bay Nội Bài",Nha Trang,215
Vietnam Airlines,17486491,05:00,22-05-2024,22-05-2024,07:15,2h 15m,"TP HCM (SGN)
Sân bay Tân Sơn Nhất
Nhà ga 1","Hà Nội (HAN)
Sân bay Nội Bài",Nha Trang,216
VietJet Air,951786,06:40,23-05-2024,23-05-2024,07:50,1h 10m,"TP HCM (SGN)
Sân bay Tân Sơn Nhất
Nhà ga 1","Nha Trang (CXR)
Sân bay Cam Ranh",Đà Nẵng,217
VietJet Air,1037322,14:25,23-05-2024,23-05-2024,15:25,1h 0m,"TP HCM (SGN)
Sân bay Tân Sơn Nhất
Nhà ga 1","Nha Trang (CXR)
Sân bay Cam Ranh",Đà Nẵng,218
VietJet Air,1058278,14:00,23-05-2024,23-05-2024,15:00,1h 0m,"TP HCM (SGN)
Sân bay Tân Sơn Nhất
Nhà ga 1","Nha Trang (CXR)
Sân bay Cam Ranh",Đà Nẵng,219
Bamboo Airways,1129550,09:35,23-05-2024,23-05-2024,10:45,1h 10m,"TP HCM (SGN)
Sân bay Tân Sơn Nhất","Nha Trang (CXR)
Sân bay Cam Ranh",Đà Nẵng,220
Vietnam Airlines,1236150,14:50,23-05-2024,23-05-2024,16:05,1h 15m,"TP HCM (SGN)
Sân bay Tân Sơn Nhất
Nhà ga 1","Nha Trang (CXR)
Sân bay Cam Ranh",Đà Nẵng,221
Vietnam Airlines,1236150,06:40,23-05-2024,23-05-2024,08:00,1h 20m,"TP HCM (SGN)
Sân bay Tân Sơn Nhất
Nhà ga 1","Nha Trang (CXR)
Sân bay Cam Ranh",Đà Nẵng,222
Vietnam Airlines,1346850,14:10,23-05-2024,23-05-2024,15:25,1h 15m,"TP HCM (SGN)
Sân bay Tân Sơn Nhất
Nhà ga 1","Nha Trang (CXR)
Sân bay Cam Ranh",Đà Nẵng,223
Vietnam Airlines,1346850,20:05,23-05-2024,23-05-2024,21:20,1h 15m,"TP HCM (SGN)
Sân bay Tân Sơn Nhất
Nhà ga 1","Nha Trang (CXR)
Sân bay Cam Ranh",Đà Nẵng,224
Vietnam Airlines,13035048,06:00,23-05-2024,23-05-2024,08:15,2h 15m,"TP HCM (SGN)
Sân bay Tân Sơn Nhất
Nhà ga 1","Hà Nội (HAN)
Sân bay Nội Bài",Đà Nẵng,225
Vietnam Airlines,13035048,05:00,23-05-2024,23-05-2024,07:15,2h 15m,"TP HCM (SGN)
Sân bay Tân Sơn Nhất
Nhà ga 1","Hà Nội (HAN)
Sân bay Nội Bài",Đà Nẵng,226
Vietnam Airlines,13634748,23:00,23-05-2024,24-05-2024,01:20,2h 20m,"TP HCM (SGN)
Sân bay Tân Sơn Nhất
Nhà ga 1","Hà Nội (HAN)
Sân bay Nội Bài",Đà Nẵng,227
Vietnam Airlines,13634748,22:00,23-05-2024,24-05-2024,00:10,2h 10m,"TP HCM (SGN)
Sân bay Tân Sơn Nhất
Nhà ga 1","Hà Nội (HAN)
Sân bay Nội Bài",Đà Nẵng,228
Vietnam Airlines,13634748,20:00,23-05-2024,23-05-2024,22:15,2h 15m,"TP HCM (SGN)
Sân bay Tân Sơn Nhất
Nhà ga 1","Hà Nội (HAN)
Sân bay Nội Bài",Đà Nẵng,229
Vietnam Airlines,19677650,07:20,23-05-2024,23-05-2024,09:00,1h 40m,"TP HCM (SGN)
Sân bay Tân Sơn Nhất
Nhà ga 1","Đồng Hới (VDH)
Sân bay Đồng Hới",Đà Nẵng,230
Vietnam Airlines,1346850,22:00,24-05-2024,24-05-2024,23:15,1h 15m,"TP HCM (SGN)
Sân bay Tân Sơn Nhất
Nhà ga 1","Nha Trang (CXR)
Sân bay Cam Ranh",Đà Nẵng,231
Bamboo Airways,1572350,09:35,24-05-2024,24-05-2024,10:45,1h 10m,"TP HCM (SGN)
Sân bay Tân Sơn Nhất","Nha Trang (CXR)
Sân bay Cam Ranh",Đà Nẵng,232
Vietnam Airlines,1656400,20:05,24-05-2024,24-05-2024,21:20,1h 15m,"TP HCM (SGN)
Sân bay Tân Sơn Nhất
Nhà ga 1","Nha Trang (CXR)
Sân bay Cam Ranh",Đà Nẵng,233
VietJet Air,1678842,14:25,24-05-2024,24-05-2024,15:25,1h 0m,"TP HCM (SGN)
Sân bay Tân Sơn Nhất
Nhà ga 1","Nha Trang (CXR)
Sân bay Cam Ranh",Đà Nẵng,234
Vietnam Airlines,1744550,15:45,24-05-2024,24-05-2024,17:00,1h 15m,"TP HCM (SGN)
Sân bay Tân Sơn Nhất
Nhà ga 1","Nha Trang (CXR)
Sân bay Cam Ranh",Đà Nẵng,235
Vietnam Airlines,1744550,06:40,24-05-2024,24-05-2024,08:00,1h 20m,"TP HCM (SGN)
Sân bay Tân Sơn Nhất
Nhà ga 1","Nha Trang (CXR)
Sân bay Cam Ranh",Đà Nẵng,236
Vietnam Airlines,1833725,18:30,24-05-2024,24-05-2024,19:45,1h 15m,"TP HCM (SGN)
Sân bay Tân Sơn Nhất
Nhà ga 1","Nha Trang (CXR)
Sân bay Cam Ranh",Đà Nẵng,237
Vietnam Airlines,1889075,14:10,24-05-2024,24-05-2024,15:25,1h 15m,"TP HCM (SGN)
Sân bay Tân Sơn Nhất
Nhà ga 1","Nha Trang (CXR)
Sân bay Cam Ranh",Đà Nẵng,238
Vietnam Airlines,1952625,12:45,24-05-2024,24-05-2024,13:50,1h 5m,"TP HCM (SGN)
Sân bay Tân Sơn Nhất
Nhà ga 1","Nha Trang (CXR)
Sân bay Cam Ranh",Đà Nẵng,239
VietJet Air,2955030,05:30,24-05-2024,24-05-2024,07:30,2h 0m,"TP HCM (SGN)
Sân bay Tân Sơn Nhất
Nhà ga 1","Hải Phòng (HPH)
Sân bay quốc tế Cát Bi",Đà Nẵng,240
VietJet Air,2955030,20:20,24-05-2024,24-05-2024,22:20,2h 0m,"TP HCM (SGN)
Sân bay Tân Sơn Nhất
Nhà ga 1","Hải Phòng (HPH)
Sân bay quốc tế Cát Bi",Đà Nẵng,241
VietJet Air,2955030,16:35,24-05-2024,24-05-2024,18:35,2h 0m,"TP HCM (SGN)
Sân bay Tân Sơn Nhất
Nhà ga 1","Hải Phòng (HPH)
Sân bay quốc tế Cát Bi",Đà Nẵng,242
VietJet Air,3065730,14:10,24-05-2024,24-05-2024,16:10,2h 0m,"TP HCM (SGN)
Sân bay Tân Sơn Nhất
Nhà ga 1","Hải Phòng (HPH)
Sân bay quốc tế Cát Bi",Đà Nẵng,243
Vietnam Airlines,12178148,23:00,24-05-2024,25-05-2024,01:20,2h 20m,"TP HCM (SGN)
Sân bay Tân Sơn Nhất
Nhà ga 1","Hà Nội (HAN)
Sân bay Nội Bài",Đà Nẵng,244
Vietnam Airlines,12178148,22:30,24-05-2024,25-05-2024,00:50,2h 20m,"TP HCM (SGN)
Sân bay Tân Sơn Nhất
Nhà ga 1","Hà Nội (HAN)
Sân bay Nội Bài",Đà Nẵng,245
Vietnam Airlines,12178148,22:00,24-05-2024,25-05-2024,00:10,2h 10m,"TP HCM (SGN)
Sân bay Tân Sơn Nhất
Nhà ga 1","Hà Nội (HAN)
Sân bay Nội Bài",Đà Nẵng,246
Vietnam Airlines,12178148,21:00,24-05-2024,24-05-2024,23:15,2h 15m,"TP HCM (SGN)
Sân bay Tân Sơn Nhất
Nhà ga 1","Hà Nội (HAN)
Sân bay Nội Bài",Đà Nẵng,247
Vietnam Airlines,12178148,20:45,24-05-2024,24-05-2024,22:50,2h 5m,"TP HCM (SGN)
Sân bay Tân Sơn Nhất
Nhà ga 1","Hà Nội (HAN)
Sân bay Nội Bài",Đà Nẵng,248
Vietnam Airlines,13035048,20:00,24-05-2024,24-05-2024,22:15,2h 15m,"TP HCM (SGN)
Sân bay Tân Sơn Nhất
Nhà ga 1","Hà Nội (HAN)
Sân bay Nội Bài",Đà Nẵng,249
Vietnam Airlines,13035048,19:30,24-05-2024,24-05-2024,21:40,2h 10m,"TP HCM (SGN)
Sân bay Tân Sơn Nhất
Nhà ga 1","Hà Nội (HAN)
Sân bay Nội Bài",Đà Nẵng,250
Vietnam Airlines,13035048,19:00,24-05-2024,24-05-2024,21:15,2h 15m,"TP HCM (SGN)
Sân bay Tân Sơn Nhất
Nhà ga 1","Hà Nội (HAN)
Sân bay Nội Bài",Đà Nẵng,251
Vietnam Airlines,13035048,17:30,24-05-2024,24-05-2024,19:35,2h 5m,"TP HCM (SGN)
Sân bay Tân Sơn Nhất
Nhà ga 1","Hà Nội (HAN)
Sân bay Nội Bài",Đà Nẵng,252
Vietnam Airlines,13035048,17:00,24-05-2024,24-05-2024,19:15,2h 15m,"TP HCM (SGN)
Sân bay Tân Sơn Nhất
Nhà ga 1","Hà Nội (HAN)
Sân bay Nội Bài",Đà Nẵng,253
Vietnam Airlines,13035048,16:40,24-05-2024,24-05-2024,19:10,2h 30m,"TP HCM (SGN)
Sân bay Tân Sơn Nhất
Nhà ga 1","Hà Nội (HAN)
Sân bay Nội Bài",Đà Nẵng,254
Bamboo Airways,1107000,22:25,20-05-2024,20-05-2024,23:50,1h 25m,"TP HCM (SGN)
Sân bay Tân Sơn Nhất","Đà Nẵng (DAD)
Sân bay Đà Nẵng",Đà Nẵng,255
VietJet Air,1267044,19:45,20-05-2024,20-05-2024,21:05,1h 20m,"TP HCM (SGN)
Sân bay Tân Sơn Nhất
Nhà ga 1","Đà Nẵng (DAD)
Sân bay Đà Nẵng",Đà Nẵng,256
Bamboo Airways,1306875,18:10,20-05-2024,20-05-2024,19:35,1h 25m,"TP HCM (SGN)
Sân bay Tân Sơn Nhất","Đà Nẵng (DAD)
Sân bay Đà Nẵng",Đà Nẵng,257
Vietnam Airlines,1388520,21:05,20-05-2024,20-05-2024,22:30,1h 25m,"TP HCM (SGN)
Sân bay Tân Sơn Nhất
Nhà ga 1","Đà Nẵng (DAD)
Sân bay Đà Nẵng",Đà Nẵng,258
Vietnam Airlines,1388520,21:15,20-05-2024,20-05-2024,22:40,1h 25m,"TP HCM (SGN)
Sân bay Tân Sơn Nhất
Nhà ga 1","Đà Nẵng (DAD)
Sân bay Đà Nẵng",Đà Nẵng,259
Vietravel Airlines,1394244,21:10,20-05-2024,20-05-2024,22:15,1h 5m,"TP HCM (SGN)
Sân bay Tân Sơn Nhất","Đà Nẵng (DAD)
Sân bay Đà Nẵng",Đà Nẵng,260
Vietnam Airlines,1523150,20:10,20-05-2024,20-05-2024,21:35,1h 25m,"TP HCM (SGN)
Sân bay Tân Sơn Nhất
Nhà ga 1","Đà Nẵng (DAD)
Sân bay Đà Nẵng",Đà Nẵng,261
VietJet Air,2489820,19:35,20-05-2024,20-05-2024,20:55,1h 20m,"TP HCM (SGN)
Sân bay Tân Sơn Nhất
Nhà ga 1","Đà Nẵng (DAD)
Sân bay Đà Nẵng",Đà Nẵng,262
Vietravel Airlines,925200,20:50,21-05-2024,21-05-2024,22:15,1h 25m,"TP HCM (SGN)
Sân bay Tân Sơn Nhất","Đà Nẵng (DAD)
Sân bay Đà Nẵng",Đà Nẵng,263
Vietravel Airlines,1023372,08:10,21-05-2024,21-05-2024,09:30,1h 20m,"TP HCM (SGN)
Sân bay Tân Sơn Nhất","Đà Nẵng (DAD)
Sân bay Đà Nẵng",Đà Nẵng,264
VietJet Air,1024692,20:30,21-05-2024,21-05-2024,21:50,1h 20m,"TP HCM (SGN)
Sân bay Tân Sơn Nhất
Nhà ga 1","Đà Nẵng (DAD)
Sân bay Đà Nẵng",Đà Nẵng,265
VietJet Air,1024692,20:35,21-05-2024,21-05-2024,21:55,1h 20m,"TP HCM (SGN)
Sân bay Tân Sơn Nhất
Nhà ga 1","Đà Nẵng (DAD)
Sân bay Đà Nẵng",Đà Nẵng,266
VietJet Air,1123726,19:15,21-05-2024,21-05-2024,20:35,1h 20m,"TP HCM (SGN)
Sân bay Tân Sơn Nhất
Nhà ga 1","Đà Nẵng (DAD)
Sân bay Đà Nẵng",Đà Nẵng,267
VietJet Air,1254622,05:35,21-05-2024,21-05-2024,06:55,1h 20m,"TP HCM (SGN)
Sân bay Tân Sơn Nhất
Nhà ga 1","Đà Nẵng (DAD)
Sân bay Đà Nẵng",Đà Nẵng,268
VietJet Air,1254622,15:40,21-05-2024,21-05-2024,17:00,1h 20m,"TP HCM (SGN)
Sân bay Tân Sơn Nhất
Nhà ga 1","Đà Nẵng (DAD)
Sân bay Đà Nẵng",Đà Nẵng,269
VietJet Air,1254622,16:15,21-05-2024,21-05-2024,17:35,1h 20m,"TP HCM (SGN)
Sân bay Tân Sơn Nhất
Nhà ga 1","Đà Nẵng (DAD)
Sân bay Đà Nẵng",Đà Nẵng,270
Bamboo Airways,1306875,09:40,21-05-2024,21-05-2024,11:05,1h 25m,"TP HCM (SGN)
Sân bay Tân Sơn Nhất","Đà Nẵng (DAD)
Sân bay Đà Nẵng",Đà Nẵng,271
Bamboo Airways,1306875,14:00,21-05-2024,21-05-2024,15:25,1h 25m,"TP HCM (SGN)
Sân bay Tân Sơn Nhất","Đà Nẵng (DAD)
Sân bay Đà Nẵng",Đà Nẵng,272
Vietnam Airlines,1388520,20:10,21-05-2024,21-05-2024,21:35,1h 25m,"TP HCM (SGN)
Sân bay Tân Sơn Nhất
Nhà ga 1","Đà Nẵng (DAD)
Sân bay Đà Nẵng",Đà Nẵng,273
Vietnam Airlines,1388520,21:00,21-05-2024,21-05-2024,22:30,1h 30m,"TP HCM (SGN)
Sân bay Tân Sơn Nhất
Nhà ga 1","Đà Nẵng (DAD)
Sân bay Đà Nẵng",Đà Nẵng,274
VietJet Air,1396426,07:05,21-05-2024,21-05-2024,08:25,1h 20m,"TP HCM (SGN)
Sân bay Tân Sơn Nhất
Nhà ga 1","Đà Nẵng (DAD)
Sân bay Đà Nẵng",Đà Nẵng,275
Vietnam Airlines,1523150,18:20,21-05-2024,21-05-2024,19:30,1h 10m,"TP HCM (SGN)
Sân bay Tân Sơn Nhất
Nhà ga 1","Đà Nẵng (DAD)
Sân bay Đà Nẵng",Đà Nẵng,276
Vietnam Airlines,1523150,15:20,21-05-2024,21-05-2024,16:45,1h 25m,"TP HCM (SGN)
Sân bay Tân Sơn Nhất
Nhà ga 1","Đà Nẵng (DAD)
Sân bay Đà Nẵng",Đà Nẵng,277
Vietnam Airlines,1523150,16:00,21-05-2024,21-05-2024,17:35,1h 35m,"TP HCM (SGN)
Sân bay Tân Sơn Nhất
Nhà ga 1","Đà Nẵng (DAD)
Sân bay Đà Nẵng",Đà Nẵng,278
Vietnam Airlines,1656400,07:00,21-05-2024,21-05-2024,08:20,1h 20m,"TP HCM (SGN)
Sân bay Tân Sơn Nhất
Nhà ga 1","Đà Nẵng (DAD)
Sân bay Đà Nẵng",Đà Nẵng,279
Vietnam Airlines,1789650,13:05,21-05-2024,21-05-2024,14:30,1h 25m,"TP HCM (SGN)
Sân bay Tân Sơn Nhất
Nhà ga 1","Đà Nẵng (DAD)
Sân bay Đà Nẵng",Đà Nẵng,280
Vietnam Airlines,1789650,08:00,21-05-2024,21-05-2024,09:30,1h 30m,"TP HCM (SGN)
Sân bay Tân Sơn Nhất
Nhà ga 1","Đà Nẵng (DAD)
Sân bay Đà Nẵng",Đà Nẵng,281
Vietnam Airlines,1789650,10:30,21-05-2024,21-05-2024,12:00,1h 30m,"TP HCM (SGN)
Sân bay Tân Sơn Nhất
Nhà ga 1","Đà Nẵng (DAD)
Sân bay Đà Nẵng",Đà Nẵng,282
Vietnam Airlines,1789650,11:45,21-05-2024,21-05-2024,13:15,1h 30m,"TP HCM (SGN)
Sân bay Tân Sơn Nhất
Nhà ga 1","Đà Nẵng (DAD)
Sân bay Đà Nẵng",Đà Nẵng,283
VietJet Air,1810930,13:40,21-05-2024,21-05-2024,15:00,1h 20m,"TP HCM (SGN)
Sân bay Tân Sơn Nhất
Nhà ga 1","Đà Nẵng (DAD)
Sân bay Đà Nẵng",Đà Nẵng,284
Vietnam Airlines,1921875,06:00,21-05-2024,21-05-2024,07:30,1h 30m,"TP HCM (SGN)
Sân bay Tân Sơn Nhất
Nhà ga 1","Đà Nẵng (DAD)
Sân bay Đà Nẵng",Đà Nẵng,285
Vietnam Airlines,1921875,08:55,21-05-2024,21-05-2024,10:30,1h 35m,"TP HCM (SGN)
Sân bay Tân Sơn Nhất
Nhà ga 1","Đà Nẵng (DAD)
Sân bay Đà Nẵng",Đà Nẵng,286
VietJet Air,2465410,19:45,21-05-2024,21-05-2024,21:05,1h 20m,"TP HCM (SGN)
Sân bay Tân Sơn Nhất
Nhà ga 1","Đà Nẵng (DAD)
Sân bay Đà Nẵng",Đà Nẵng,287
Bamboo Airways,1007575,21:10,22-05-2024,22-05-2024,22:35,1h 25m,"TP HCM (SGN)
Sân bay Tân Sơn Nhất","Đà Nẵng (DAD)
Sân bay Đà Nẵng",Đà Nẵng,288
Vietravel Airlines,1023372,08:10,22-05-2024,22-05-2024,09:30,1h 20m,"TP HCM (SGN)
Sân bay Tân Sơn Nhất","Đà Nẵng (DAD)
Sân bay Đà Nẵng",Đà Nẵng,289
Vietravel Airlines,1023372,20:50,22-05-2024,22-05-2024,22:15,1h 25m,"TP HCM (SGN)
Sân bay Tân Sơn Nhất","Đà Nẵng (DAD)
Sân bay Đà Nẵng",Đà Nẵng,290
VietJet Air,1024692,20:35,22-05-2024,22-05-2024,21:55,1h 20m,"TP HCM (SGN)
Sân bay Tân Sơn Nhất
Nhà ga 1","Đà Nẵng (DAD)
Sân bay Đà Nẵng",Đà Nẵng,291
VietJet Air,1123726,05:35,22-05-2024,22-05-2024,06:55,1h 20m,"TP HCM (SGN)
Sân bay Tân Sơn Nhất
Nhà ga 1","Đà Nẵng (DAD)
Sân bay Đà Nẵng",Đà Nẵng,292
VietJet Air,1134852,20:30,22-05-2024,22-05-2024,21:50,1h 20m,"TP HCM (SGN)
Sân bay Tân Sơn Nhất
Nhà ga 1","Đà Nẵng (DAD)
Sân bay Đà Nẵng",Đà Nẵng,293
Bamboo Airways,1196175,14:00,22-05-2024,22-05-2024,15:25,1h 25m,"TP HCM (SGN)
Sân bay Tân Sơn Nhất","Đà Nẵng (DAD)
Sân bay Đà Nẵng",Đà Nẵng,294
VietJet Air,1254622,13:40,22-05-2024,22-05-2024,15:00,1h 20m,"TP HCM (SGN)
Sân bay Tân Sơn Nhất
Nhà ga 1","Đà Nẵng (DAD)
Sân bay Đà Nẵng",Đà Nẵng,295
VietJet Air,1254622,15:40,22-05-2024,22-05-2024,17:00,1h 20m,"TP HCM (SGN)
Sân bay Tân Sơn Nhất
Nhà ga 1","Đà Nẵng (DAD)
Sân bay Đà Nẵng",Đà Nẵng,296
VietJet Air,1254622,19:45,22-05-2024,22-05-2024,21:05,1h 20m,"TP HCM (SGN)
Sân bay Tân Sơn Nhất
Nhà ga 1","Đà Nẵng (DAD)
Sân bay Đà Nẵng",Đà Nẵng,297
Bamboo Airways,1306875,09:40,22-05-2024,22-05-2024,11:05,1h 25m,"TP HCM (SGN)
Sân bay Tân Sơn Nhất","Đà Nẵng (DAD)
Sân bay Đà Nẵng",Đà Nẵng,298
Vietnam Airlines,1388520,20:10,22-05-2024,22-05-2024,21:35,1h 25m,"TP HCM (SGN)
Sân bay Tân Sơn Nhất
Nhà ga 1","Đà Nẵng (DAD)
Sân bay Đà Nẵng",Đà Nẵng,299
VietJet Air,1396426,07:05,22-05-2024,22-05-2024,08:25,1h 20m,"TP HCM (SGN)
Sân bay Tân Sơn Nhất
Nhà ga 1","Đà Nẵng (DAD)
Sân bay Đà Nẵng",Đà Nẵng,300
VietJet Air,1396426,11:30,22-05-2024,22-05-2024,12:50,1h 20m,"TP HCM (SGN)
Sân bay Tân Sơn Nhất
Nhà ga 1","Đà Nẵng (DAD)
Sân bay Đà Nẵng",Đà Nẵng,301
VietJet Air,1396426,11:40,22-05-2024,22-05-2024,13:00,1h 20m,"TP HCM (SGN)
Sân bay Tân Sơn Nhất
Nhà ga 1","Đà Nẵng (DAD)
Sân bay Đà Nẵng",Đà Nẵng,302
VietJet Air,1396426,16:15,22-05-2024,22-05-2024,17:35,1h 20m,"TP HCM (SGN)
Sân bay Tân Sơn Nhất
Nhà ga 1","Đà Nẵng (DAD)
Sân bay Đà Nẵng",Đà Nẵng,303
Vietnam Airlines,1508290,21:00,22-05-2024,22-05-2024,22:30,1h 30m,"TP HCM (SGN)
Sân bay Tân Sơn Nhất
Nhà ga 1","Đà Nẵng (DAD)
Sân bay Đà Nẵng",Đà Nẵng,304
Vietnam Airlines,1656400,07:10,22-05-2024,22-05-2024,08:20,1h 10m,"TP HCM (SGN)
Sân bay Tân Sơn Nhất
Nhà ga 1","Đà Nẵng (DAD)
Sân bay Đà Nẵng",Đà Nẵng,305
Vietnam Airlines,1656400,18:20,22-05-2024,22-05-2024,19:30,1h 10m,"TP HCM (SGN)
Sân bay Tân Sơn Nhất
Nhà ga 1","Đà Nẵng (DAD)
Sân bay Đà Nẵng",Đà Nẵng,306
Vietnam Airlines,1656400,15:20,22-05-2024,22-05-2024,16:45,1h 25m,"TP HCM (SGN)
Sân bay Tân Sơn Nhất
Nhà ga 1","Đà Nẵng (DAD)
Sân bay Đà Nẵng",Đà Nẵng,307
Vietnam Airlines,1656400,16:00,22-05-2024,22-05-2024,17:35,1h 35m,"TP HCM (SGN)
Sân bay Tân Sơn Nhất
Nhà ga 1","Đà Nẵng (DAD)
Sân bay Đà Nẵng",Đà Nẵng,308
Vietnam Airlines,1789650,13:05,22-05-2024,22-05-2024,14:30,1h 25m,"TP HCM (SGN)
Sân bay Tân Sơn Nhất
Nhà ga 1","Đà Nẵng (DAD)
Sân bay Đà Nẵng",Đà Nẵng,309
Vietnam Airlines,1789650,06:00,22-05-2024,22-05-2024,07:30,1h 30m,"TP HCM (SGN)
Sân bay Tân Sơn Nhất
Nhà ga 1","Đà Nẵng (DAD)
Sân bay Đà Nẵng",Đà Nẵng,310
Vietnam Airlines,1789650,11:45,22-05-2024,22-05-2024,13:15,1h 30m,"TP HCM (SGN)
Sân bay Tân Sơn Nhất
Nhà ga 1","Đà Nẵng (DAD)
Sân bay Đà Nẵng",Đà Nẵng,311
Vietnam Airlines,1921875,10:30,22-05-2024,22-05-2024,12:00,1h 30m,"TP HCM (SGN)
Sân bay Tân Sơn Nhất
Nhà ga 1","Đà Nẵng (DAD)
Sân bay Đà Nẵng",Đà Nẵng,312
Vietnam Airlines,2232450,08:55,22-05-2024,22-05-2024,10:30,1h 35m,"TP HCM (SGN)
Sân bay Tân Sơn Nhất
Nhà ga 1","Đà Nẵng (DAD)
Sân bay Đà Nẵng",Đà Nẵng,313
Vietnam Airlines,2509200,08:00,22-05-2024,22-05-2024,09:30,1h 30m,"TP HCM (SGN)
Sân bay Tân Sơn Nhất
Nhà ga 1","Đà Nẵng (DAD)
Sân bay Đà Nẵng",Đà Nẵng,314
